id,first_name,last_name,email,gender,ip_address_v4,ip_address_v6,latitude,longitude,time_zone,date,time
1,KD,Puvvadi,kd@puvvadi.me,Male,36.81.105.109,8c1e:6b47:1dae:3fb4:76e2:6f73:959b:ff10,16.820152,121.097488,Asia/Manila,29-12-2021,00:35:47
2,Tallia,Hoodspeth,thoodspeth1@netscape.com,Female,99.145.81.122,ff27:4ae6:12a8:72f4:4441:c748:5e15:c443,49.9749295,82.6017244,Asia/Almaty,21-08-2021,09:03:14
3,Konstantin,Langfat,klangfat2@forbes.com,Male,143.117.220.189,dfbb:e41a:2e38:5067:7c36:6638:e883:21df,22.656408,114.019351,Asia/Chongqing,02-04-2022,17:35:23
4,Maurice,Phillpot,mphillpot3@squidoo.com,Male,170.32.244.187,ace3:bf91:11eb:13a4:5fc:1d33:2867:cb87,-14.4681236,-48.4560109,America/Sao_Paulo,30-08-2021,09:35:50
5,Cullie,Pasby,cpasby4@wp.com,Male,226.220.173.21,524e:a160:7bf3:c380:4ee8:2546:8e47:63b2,23.0386278,91.5184418,Asia/Dhaka,30-10-2021,02:37:03
6,Alphard,Calcott,acalcott5@uol.com.br,Male,171.192.89.81,94d7:1093:7bee:b081:9cf1:9a36:cc68:940d,38.26,-85.75,America/Kentucky/Louisville,08-11-2021,20:38:50
7,Adriena,Dallon,adallon6@myspace.com,Female,246.209.36.239,6006:aeb6:7d32:4812:e654:9fdd:adca:83b2,35.7493724,10.7069688,Africa/Tunis,16-04-2022,19:59:09
8,Flor,Blunsum,fblunsum7@sbwire.com,Female,147.141.141.25,c288:df67:e0ff:f903:5fca:2af8:d408:c6d4,13.6784265,99.9576849,Asia/Bangkok,07-09-2021,02:33:08
9,Debbi,Belshaw,dbelshaw8@shinystat.com,Female,92.180.94.202,20d3:29bb:8526:6ae9:9122:ee78:6ae5:1199,-6.3019793,-60.0259466,America/Manaus,14-12-2021,07:33:51
10,Baxy,Boothroyd,bboothroyd9@reddit.com,Male,209.89.61.149,2865:28f3:e7e9:3db3:5ae6:2dfb:4271:6007,31.4292388,31.1252135,Africa/Cairo,10-05-2022,00:27:12
11,Kellsie,Stefi,kstefia@comcast.net,Agender,113.104.250.112,6d43:4049:2080:8ba9:ec05:f5c0:12cf:690b,38.365641,-7.4731029,Europe/Lisbon,02-02-2022,01:51:51
12,Marion,Chown,mchownb@paypal.com,Male,247.236.136.39,362c:81f1:407d:41e8:2880:1078:2dc5:3d8b,-7.5893786,109.1315198,Asia/Jakarta,20-12-2021,12:00:25
13,Tobias,Mallebone,tmallebonec@pbs.org,Male,144.72.71.169,1f1c:4a96:66bf:e4d7:5c27:1d29:d1b6:53f5,47.3168226,47.3786779,Europe/Volgograd,15-06-2022,13:32:04
14,Mercy,Pimerick,mpimerickd@indiatimes.com,Female,53.31.62.191,df14:b47e:a496:ad0d:7b78:dd3:2ee4:e502,49.6297207,37.6810464,Europe/Zaporozhye,13-09-2021,10:25:01
15,Celestyna,Ingleton,cingletone@dell.com,Female,53.136.28.8,5cc0:4db1:e531:85b2:b07c:1c1c:fc1c:4423,31.189496,121.42185,Asia/Chongqing,13-08-2021,12:49:16
16,Kippie,Pretsel,kpretself@ucoz.com,Male,244.121.71.174,af81:8d14:93f1:3295:cf04:8ce6:bb25:b8f5,35.7914051,140.2792041,Asia/Tokyo,30-06-2021,13:39:32
17,Annette,Ruler,arulerg@toplist.cz,Female,254.89.127.178,32fe:1117:a246:d147:6815:33d0:2733:aaa1,51.1329676,6.4449432,Europe/Berlin,14-11-2021,10:47:04
18,Ermanno,Culcheth,eculchethh@wiley.com,Polygender,187.232.126.198,fee8:4b1e:b7f1:b6ec:443c:3e70:9165:8f7c,41.7467513,125.4067749,Asia/Harbin,25-03-2022,07:03:09
19,Fin,Cavie,fcaviei@nhs.uk,Male,18.103.191.201,7fd7:1edd:a80f:9037:acb8:6221:ec55:3fa3,37.0079695,127.2796786,Asia/Seoul,05-10-2021,01:51:41
20,Arv,Missington,amissingtonj@devhub.com,Male,219.240.215.6,d2ad:98dd:4060:80a2:7c3f:ade0:ca59:8291,15.3749929,-4.2615383,Africa/Bamako,01-08-2021,22:32:02
21,Quintilla,Stait,qstaitk@abc.net.au,Female,169.39.231.98,9893:c494:b8c5:da32:9874:c7cd:3056:35d8,36.889084,120.51769,Asia/Shanghai,18-06-2022,07:38:04
22,Misti,Dobble,mdobblel@ocn.ne.jp,Female,43.230.82.21,4580:c3c5:c33d:2312:f934:b5c9:c4f:e780,38.997932,140.02088,Asia/Tokyo,02-12-2021,09:08:59
23,Weylin,Granville,wgranvillem@unicef.org,Male,196.204.190.16,3ea1:974f:74d6:9f8:8a3:5e0c:9dae:f2e3,47.6849444,-122.2982224,America/Los_Angeles,27-07-2021,19:52:13
24,Eamon,Brecknall,ebrecknalln@aol.com,Male,3.168.252.101,42a4:59b8:e176:65b5:377d:52ed:9dc:41f7,-1.5631276,29.0518113,Africa/Lubumbashi,15-04-2022,19:04:27
25,Charley,Senter,csentero@about.me,Male,48.167.97.88,3c70:8e86:ec09:500f:51ca:42d:38c9:8f2,35.8886106,140.0636977,Asia/Tokyo,24-08-2021,10:32:24
26,Gram,Copin,gcopinp@wunderground.com,Male,180.5.1.34,90a9:6b0e:64d8:b597:ebca:ddc9:c52a:492e,26.486589,111.909579,Asia/Chongqing,16-10-2021,10:09:26
27,Merwin,Bolderson,mboldersonq@mashable.com,Male,54.219.246.172,fe21:8978:9f30:2090:1464:ce43:5160:7604,24.546876,107.04219,Asia/Shanghai,24-10-2021,23:10:40
28,Osbourne,French,ofrenchr@flavors.me,Male,126.179.92.236,a945:5769:5587:79fc:1109:6a86:9bc2:359b,16.6969748,121.5594587,Asia/Manila,23-09-2021,23:29:48
29,Barnaby,Cracker,bcrackers@google.pl,Polygender,0.138.121.223,399b:9c5:f5ae:4fbb:345f:6227:3ce:361b,25.521039,112.309325,Asia/Chongqing,22-10-2021,08:37:13
30,Hana,Elvey,helveyt@vistaprint.com,Female,248.102.173.229,1a29:779a:a1ad:74cc:2775:2356:9211:e8c5,27.34763,119.135302,Asia/Shanghai,02-07-2021,15:07:01
31,Tommi,Balfre,tbalfreu@list-manage.com,Female,19.203.5.179,49ad:e06f:1f72:b895:c89e:7a65:2861:cb6b,35.0663073,134.1496427,Asia/Tokyo,25-04-2022,13:24:12
32,Cullie,Bowgen,cbowgenv@ifeng.com,Male,131.52.154.10,3da7:4f96:e4da:25d3:2a92:1ebf:8847:f1ac,5.4852096,9.8627243,Africa/Douala,31-03-2022,04:01:08
33,Bryant,Pennaman,bpennamanw@usatoday.com,Male,20.168.248.90,82cf:e4f6:d584:1851:99e5:fbf1:9988:d35d,22.5738562,113.89831,Asia/Shanghai,02-11-2021,11:00:28
34,Marjie,Cowthart,mcowthartx@123-reg.co.uk,Female,251.25.105.241,eadc:8976:88cd:9cf7:55a0:e78c:512:78b8,16.67064,121.71581,Asia/Manila,10-09-2021,16:21:05
35,Konstantine,Szymoni,kszymoniy@tumblr.com,Male,97.230.38.204,f9f1:7ee0:ad97:3445:339c:8226:e186:c152,27.8827043,53.4284076,Asia/Tehran,16-05-2022,15:27:17
36,Elwyn,Flear,eflearz@networksolutions.com,Male,10.175.208.150,c08b:e5a6:fa2d:5a10:567c:763e:43b1:51b6,10.1386495,-75.2153857,America/Bogota,28-04-2022,15:43:08
37,Jackqueline,Mizzen,jmizzen10@ucoz.ru,Female,52.78.188.107,9854:c4bd:4d56:18f1:b1d6:af33:4d53:55e,56.9115826,124.9032167,Asia/Yakutsk,14-03-2022,05:03:59
38,Daisie,Phateplace,dphateplace11@baidu.com,Female,116.27.77.250,4e48:e760:3ed3:432c:d80b:39d5:35fd:bb4c,46.1705063,1.8852108,Europe/Paris,24-06-2021,10:47:20
39,Stanislaus,Conwell,sconwell12@scribd.com,Male,32.8.189.11,470c:9b8f:78ec:8eb1:88d4:1b4a:b902:b978,15.1422858,120.6541966,Asia/Manila,07-03-2022,06:01:29
40,Thebault,Asquith,tasquith13@flavors.me,Male,40.179.235.145,cd3b:1fa:1f4c:2f99:8653:b1ab:489d:54c1,44.5209494,19.7483781,Europe/Belgrade,24-11-2021,18:53:50
41,Fredia,Couth,fcouth14@theglobeandmail.com,Female,200.77.154.169,be72:79e8:26f8:dbb7:b507:a921:9283:84cb,27.677091,100.771419,Asia/Chongqing,27-03-2022,22:30:34
42,Phillis,Taffarello,ptaffarello15@hexun.com,Female,134.109.26.226,f285:576:ac02:c44d:119a:d243:3f40:48b1,22.948016,113.366904,Asia/Shanghai,18-12-2021,03:13:12
43,Ivan,Gullick,igullick16@hc360.com,Male,11.203.252.194,11f3:fef4:a0f4:338e:613e:3fab:7ddc:940b,-6.9001,113.5144,Asia/Jakarta,25-01-2022,11:35:02
44,Mel,Olenichev,molenichev17@sitemeter.com,Female,249.178.54.193,45b0:645d:829c:23ca:cc40:67f5:bed5:d0d0,16.0464514,120.3542849,Asia/Manila,27-06-2021,03:25:22
45,Kara-lynn,Barsby,kbarsby18@princeton.edu,Female,37.222.166.228,714b:1488:a06d:372a:99eb:a1a6:c99d:e6ec,1.2964078,10.9439689,Africa/Libreville,08-09-2021,16:51:53
46,Jessamyn,Hardaker,jhardaker19@ow.ly,Female,102.143.26.92,987b:7968:f0a:6a83:33bf:98ae:fc1c:50b2,41.2994958,69.2400734,Asia/Tashkent,03-08-2021,19:04:27
47,Gay,Mapes,gmapes1a@zimbio.com,Male,4.164.79.45,efc7:81b1:8fed:64aa:97ef:6d15:4fd9:f1fe,40.6661376,22.9037753,Europe/Athens,22-05-2022,03:42:40
48,Crista,Speke,cspeke1b@howstuffworks.com,Female,150.5.95.117,d1f7:5b10:3b2a:31a3:f95d:a337:ad5a:c5,-8.4699,121.2227,Asia/Makassar,22-08-2021,19:47:29
49,Uriel,Boak,uboak1c@bravesites.com,Male,248.80.161.192,dd31:c38c:806f:d0a3:92f6:f0aa:1efb:1ee6,49.9146804,18.0123649,Europe/Prague,03-08-2021,01:43:22
50,Virginie,Felix,vfelix1d@pcworld.com,Female,69.11.57.59,a103:c8ae:2427:1afc:ea51:f195:25de:2e43,7.6292088,4.1872178,Africa/Lagos,14-04-2022,17:23:30
